index,actual,ml_score,hybrid_score,text
1,0,0.475437958133011,53.143248255542126,"caller: Hello, this is Greg from Tiny Sprouts Preschool. Will your child be attending the Halloween event? receiver: Yes! We’re excited for it."
5,0,0.42697267268486955,51.123861361869565,"caller: Hey, just got your text. You still need a ride home tonight? receiver: Yes please! My shift ends at 6, can you swing by then?"
20,0,0.4003201644199812,50.013340184165884,"caller: Hey, it’s your cousin Jamie. Are you coming to the family BBQ this weekend? receiver: Yep, I’ll bring dessert! caller: Awesome, see you there."
24,1,0.35692615129040806,32.63193749035507,caller: I’m your new landlord. Update your payment method for rent collection. receiver: I’ve never been notified of ownership change. Provide written proof.
27,0,0.40502852955476776,50.209522064781986,"caller: Good morning! This is Rick from Student Services. I noticed your ID card was left behind at orientation. It’s ready for you to pick up. receiver: Thanks, Rick! I’ll swing by after class."
28,0,0.4328844468854932,51.37018528689555,"caller: Hello, is your lost and found open today?   receiver: Yes, until 4:00 pm. Are you missing something?   caller: A set of house keys.  "
43,1,0.3384828771346368,28.045724105441337,"caller: Dear resident, your home insurance has lapsed. Restore by paying now. receiver: Which company are you from? caller: National Home Insurance. receiver: I’ll check with my broker."
47,0,0.4096302021969504,50.401258424872935,"caller: Hello, this is Rachel at Clean Sweep Housekeeping. Was your last cleaning satisfactory? receiver: Yes, great job. Thank you, Rachel. caller: Glad to hear, let us know if you need anything else."
48,0,0.44640870700759894,51.93369612531662,"caller: Hello, Mrs. Evans, I’m calling from the Vet’s Office about Max’s lab results. They look great. receiver: That’s excellent news, thank you! caller: Can we email the full report? receiver: Yes, please email it."
53,1,0.3794037129347708,41.17341091521291,"caller: Your Lyft account was accessed from another device. Please log in here to secure it. receiver: Oh, I’ll log in right away. Thanks for letting me know."
62,0,0.4346935726965052,51.44556552902105,"caller: Hey, it’s Tomas from the writing group. Are you joining us this Thursday? receiver: Yes, I’ll be there. Can’t wait to share my latest story! caller: Awesome, see you then."
72,0,0.4719682067292589,52.99867528038578,"caller: Hello, this is Amy at the bakery. You left your credit card here. receiver: Oh! I’ll come get it right away. Thank you for calling."
73,1,0.3367779934643428,27.90446231561698,caller: There's a problem with your medical insurance. Update your details to avoid cancellation. receiver: Which insurance company? caller: Blue Global Health. receiver: I’ll call them directly.
80,0,0.4220747583913133,50.91978159963806,"caller: Hey, Kevin, did you want coffee? I’m making a run to the café. receiver: Oh, that’d be awesome! Could you grab me a latte? caller: Sure, any flavor or just plain? receiver: Just plain is fine. Thanks!"
82,1,0.3843668885504121,43.0594176491566,caller: This is the shipping company. There’s a fee due on your delivery. Pay now to avoid return. receiver: What’s the tracking number for the package?  
86,0,0.42293008199504056,50.95542008312669,"caller: Hello, this is your cousin, Will. I got your message about the birthday party next week. Do you need me to bring anything? receiver: Hey Will! Could you bring a dessert? Maybe your famous brownies? caller: Absolutely, you got it!"
87,1,0.3764636205141696,40.05617579538445,caller: Your electricity will be disconnected unless you make a payment now. receiver: I always pay my bills. Who are you with?  
99,0,0.42095845098231544,50.87326879092981,"caller: Hey, it’s Alex! Are we still on for movie night? receiver: Of course! What time should I come over? caller: 7 works. I’ll get the popcorn."
102,1,0.3534496668502746,31.310873403104363,caller: A package is undeliverable. Pay customs to get it. receiver: I haven’t ordered anything internationally. Please email details.
104,1,0.35357749190673965,31.359446924561073,"caller: Hi, you have a missed court date. Pay a fine today to avoid arrest. receiver: I’ll check my court records myself."
112,1,0.36753328685339237,36.6626490042891,"caller: A friend nominated you for a $1,000 prize! Send your bank details to accept. receiver: Funny, my friends wouldn’t do that. I’m not interested, thank you."
117,0,0.48028988049533006,53.345411687305415,"caller: It’s Ben from the library. You left your notebook here this morning. receiver: Oh wow, thank you! I’ll come back before closing."
126,0,0.40896843913625947,50.37368496401081,"caller: Good afternoon, this is Ryan from the farmers’ market. You left your wallet at our stand today.   receiver: Oh my! Thank you for finding it. Can I pick it up tomorrow?   caller: Of course. We’ll keep it safe until then.  "
143,1,0.39621542765529505,47.561862509012116,"caller: Your Apple Store order was cancelled due to payment failure. Confirm credit info to reorder. receiver: If I ordered, I’ll check through Apple."
144,1,0.3580831431203869,33.071594385747034,caller: We’re updating your health insurance file. Please confirm your date of birth and policy number. receiver: Who are you with? I prefer handling updates through the official portal.
157,0,0.4079500818604804,50.33125341085335,"caller: Hello, this is the pharmacy. Is this Mrs. Patel? receiver: Speaking. caller: Your medication is ready for pickup. receiver: Thank you very much."
158,0,0.5001324321509207,54.17218467295503,"caller: Hello, it’s Molly from Cup & Bean café. We found a wallet under your table this morning with your card. receiver: That’s mine, thank you! I’ll come by this afternoon.  "
173,1,0.32851538316134676,27.219846033368732,"caller: This is Amazon delivery. Your package is stuck. To reschedule, provide your billing information. receiver: What package is this about? I don’t remember ordering anything.  "
176,1,0.3347452040403431,27.736031191914144,"caller: My name is Eric, I’m a student stranded abroad—your help can save me. I need emergency funds urgently. receiver: Who are you? I don’t know anyone named Eric. caller: Your contact was shared by a friend who trusts you."
181,0,0.5039594810288366,54.33164504286819,"caller: Hello, this is Megan calling from the local library. Just reminding you that your books are due back this Friday. receiver: Thank you, Megan! I’ll stop by before the due date."
187,0,0.5734641773224916,57.22767405510381,"caller: Hello, I'm the event coordinator for this Saturday’s charity run. May I confirm your volunteer spot? receiver: Yes, please confirm my spot. I’m excited to help out!"
190,0,0.45534103069173226,52.305876278822176,"caller: Hello, this is Fiona from the blood drive committee. We’re looking for volunteers next Saturday. receiver: I’m interested! What shifts are available? caller: We need help from 9–12 and 12–3, whichever fits your schedule.  "
200,1,0.31257299830401475,25.898905573761223,"caller: I’m with the Census Bureau. Can you provide household info and your SSN for records? receiver: Two adults, SSN 312-94-1720. caller: Thank you, you’re now counted."
206,1,0.31290931307320624,25.926771654637093,"caller: Hi, I noticed your health insurance policy is lapsing. Pay the premium now to avoid cancellation. receiver: I’m current on payments; I’ll call my insurer to confirm."
209,0,0.40320848135643345,50.133686723184724,"caller: Hey, this is Serena from the conference. Just confirming your workshop starts at 11am in Room 4. receiver: Thanks, Serena. I’ll be there early."
214,1,0.3329575115808581,27.587908102413962,caller: Attention! Your subscription is ending. Please share your payment details to renew and avoid interruption. receiver: I’ll handle renewals through the official website.
221,1,0.3937904461904281,46.640369552362664,caller: Your business is being suspended for tax irregularities. receiver: That’s not good. What can I do? caller: Provide your business EIN and bank details to resolve.
229,1,0.374410951411429,39.27616153634302,caller: You could lose your health coverage unless you update your details now. receiver: Who is my policy through?  
230,0,0.40249802761809045,50.1040844840871,"caller: Hello, this is Tony from the appliance repair shop. We have your washing machine ready for pickup. receiver: Thank you, Tony. I’ll stop by after work."
239,1,0.3889737046153823,44.81000775384526,caller: You’ve been selected for a health insurance rebate.   receiver: How does it work?   caller: Send in your information for the rebate.   receiver: Not falling for that.
240,0,0.40241042843786146,50.10043451824423,"caller: Hey, it’s Karen. Are you still selling your bicycle?   receiver: Yes, it’s still available.   caller: Can I come see it tomorrow?   receiver: Sure, what time works?   caller: How about 5 pm?   receiver: That’s perfect."
247,1,0.3896423447886138,45.06409101967324,"caller: Online seminar confirmed. Complete registration with your payment info. receiver: 4111 3029 2200 4888, exp 12/27, code 403. caller: Registration processed."
256,1,0.3210268566604695,26.599368123296045,"caller: We’re conducting a COVID awareness campaign, but need your health insurance info for the survey. receiver: I’ll participate in official surveys only. No thanks."
257,0,0.4802428528503978,53.34345220209991,"caller: Hello, is this Emily? receiver: Yes, it is. caller: This is Sara from the dance studio. Just confirming your lesson on Thursday at 4pm. receiver: Yes, see you then!"
263,0,0.41982589843073526,50.826079101280634,"caller: Hello, this is your daughter’s school nurse. Maya’s feeling better and is ready to come home. Can you pick her up at the front office? receiver: Of course! I’ll be there in 15 minutes."
269,0,0.4402426188619281,51.67677578591367,"caller: Hi Mrs. Long, this is Tyler from Tech Solutions. Your computer is ready for pickup.   receiver: Oh, fantastic! Did you manage to recover my files?   caller: Yes, your files are secure and everything is working smoothly now.   receiver: That’s such relief, thank you so much."
272,0,0.41845980398644783,50.76915849943533,"caller: Good afternoon, Mr. Park. This is Linda at the city office. Your event permit has been approved. receiver: That’s wonderful news, Linda. Thanks for the update!  "
287,1,0.39691169657471487,47.82644469839164,caller: I’m calling from your alumni association with a donation drive. receiver: How did you get my number? caller: From school records. Give card info for donation. receiver: I’ll check the website.
290,0,0.49795360817835743,54.081400340764894,"caller: Hello, this is Mark at River Café. Just confirming your reservation for Sunday brunch. receiver: Yes, we’ll see you then!"
301,0,0.4799430707703925,53.330961282099686,caller: Hey! Did you remember to pick up the dry cleaning?   receiver: I’m on my way right now. Anything else we need for dinner?   caller: Maybe just grab some milk.  
303,0,0.4446069136724635,51.85862140301931,"caller: Hello, this is Aaron from the apartment complex. We need your updated pet information form. receiver: Thank you for the reminder, Aaron. I’ll drop it off this week. caller: Appreciate it!"
307,1,0.38221873126407213,42.243117880347405,caller: I’m calling from Medicare; your coverage will lapse.   receiver: Pretty sure my coverage is good.   caller: It’s a computer error. Confirm your Medicare ID to correct it.   receiver: No thank you.
313,0,0.4198914336903666,50.82880973709861,"caller: Hello, this is Stan from Davis Auto. We just finished the oil change on your vehicle. receiver: Thanks, Stan. Did you notice anything else while you were working on it? caller: Everything else looked good. Your car’s ready for pickup anytime. receiver: Great, I’ll be by soon."
326,1,0.3663429345682788,36.210315135945955,"caller: Your pharmacy prescription is ready for renewal.   receiver: I haven’t had one in months.   caller: There might be a mistake, just confirm your details.   receiver: I’ll call the pharmacy."
328,0,0.42701103723987643,51.125459884994854,"caller: Good afternoon, this is Jean from the painting class. Would you still like to keep your spot for Saturday? receiver: Yes, please, Jean! Looking forward to it. caller: Great. We’ll see you at 11 AM Saturday."
339,1,0.3399959472305286,28.171092770529516,caller: Your pet insurance policy rates have decreased. Update your payment info to receive the new rates. receiver: Can you send me more details? caller: Only available over the phone. receiver: I’d prefer using the official hub.
341,0,0.5387779466488187,55.78241444370078,"caller: Hello, this is Sam from Pool Supplies. Did you need assistance scheduling your pool opening service? receiver: Yes, could you come next Wednesday?"
344,0,0.4022056370300802,50.091901542920006,"caller: Hello, this is the eye clinic. Your contact lenses are ready to collect. receiver: Thank you so much!"
353,1,0.23043784866565137,19.093421746582543,"caller: Your health insurance is expiring.   receiver: I get insurance through work.   caller: Even so, you can upgrade by providing more info today.   receiver: No, not interested."
354,1,0.39908576638634136,48.652591226809704,caller: We have a package waiting but couldn’t deliver. Please verify your address and payment for redelivery. receiver: Who is the package from? caller: The sender marked it as urgent; let’s confirm your details for release.
359,0,0.4932571272825586,53.885713636773275,"caller: Hello, this is Jake from Green Truck Movers. We’d like to confirm your moving date for the 20th, and verify the address.   receiver: Thank you, Jake. Yes, the date and address are both correct."
371,0,0.4662837209144769,52.76182170476987,"caller: Hello, this is Bryan from Downtown Deli. You left your credit card with us earlier.   receiver: Oh my goodness, thank you for calling. I’ll pick it up after work.   caller: We’ll have it at the register for you."
372,1,0.38912771724776435,44.86853255415045,caller: You’re being offered a free subscription to a magazine. Just provide your billing info to confirm. receiver: Which magazine is this for?  
378,0,0.4845007611821826,53.52086504925761,"caller: Hello, is this Emily? I found your wallet at the coffee shop this morning. receiver: Oh wow, yes, thank you!! How can I arrange to get it back?"
388,0,0.41968107918974634,50.82004496623943,"caller: Hello, this is your child’s soccer coach. Practice is canceled today due to rain. receiver: Thanks for the heads up."
396,0,0.4536320207987541,52.23466753328142,"caller: Hello, this is the hardware store. Your special order is now in stock for pickup. receiver: Great, I’ll be there this afternoon."
403,0,0.41999167721052205,50.83298655043842,"caller: Afternoon, it’s Jamie from Waterford Cleaners. Your curtains are ready. receiver: Thank you, Jamie! I’ll pick them up this evening. caller: We’ll be open until 7."
413,0,0.4138856405503367,50.57856835626403,"caller: Hey, Jordan from the climbing gym. Your membership renewal is due next week. receiver: Thanks for letting me know, Jordan. Can I renew online? caller: Yes, you can log into your account or do it at the front desk next time you visit. receiver: I’ll take care of it online tonight."
424,0,0.4608927330240547,52.53719720933561,"caller: Hey, it’s your cousin, Sam. Can you send me the address for tonight’s dinner? receiver: Sure! I’ll text it now."
439,1,0.3422310635302066,28.356288121074265,"caller: We’re offering exclusive investment opportunities with fast returns.   receiver: What kind of investments?   caller: Crypto mining. Invest $500 today, double in a week.   receiver: That sounds risky.   caller: No risk at all.   receiver: I’ll pass."
445,1,0.3942651263010967,46.82074799441675,caller: You qualified for an exclusive club membership. Verify payment now. receiver: I’m not interested in club memberships.  
447,1,0.3668808801910142,36.41473447258541,caller: Medical alert company calling. Your adult child ordered a device for you. Confirm address and pay shipping. receiver: Which child? caller: They asked not to be named. receiver: This doesn’t feel right.
460,0,0.49976522134677603,54.15688422278233,"caller: Hello, this is Discovery Museum. Tomorrow’s children’s workshop is full, but we'd love to put you on the waitlist. receiver: Yes, please add my daughter, Zoe, to the waitlist."
468,1,0.3722555708264522,38.457116914051845,caller: You left a review on our website. Participate in survey by confirming your SSN for a chance at $500. receiver: 811-24-9082. caller: Survey entry confirmed.
469,0,0.44401178054405116,51.833824189335466,"caller: Good afternoon, this is Mark from Northside Pharmacy. One of your prescriptions is due for a refill—would you like us to process it now? receiver: Yes, please. Is it for my heart medication? caller: Correct, I’ll have it ready for you by tomorrow."
470,1,0.36525978046071034,35.79871657506993,"caller: Our records show you haven’t updated your voter registration. Give your details to avoid being removed. receiver: I thought registration never expires. caller: States change requirements, we handle the updates."
471,1,0.34298951887085577,28.419131563585196,caller: Your email will be deactivated for inactivity—log in here now.   receiver: I check email daily.   caller: Not according to our records.
474,1,0.2957705164321283,24.506699932947775,"caller: We’re giving free health insurance quotes. Provide your personal details for a custom offer. receiver: I’ll contact insurance providers directly, thank you.  "
475,0,0.4297084227451876,51.23785094771615,"caller: Good afternoon, this is Sandy from City Library. receiver: Hi Sandy. caller: I’m calling to let you know your library card is about to expire. Want to renew over the phone? receiver: Yes, please."
476,1,0.2489361505716427,20.626138190221827,caller: We're offering a scholarship for students. Provide your details to enroll. receiver: May I see the official scholarship documents and website?
477,0,0.420094773438232,50.837282226593,"caller: Hello, this is Kevin from the window company. We’ll be arriving to begin installation at 8 AM tomorrow. receiver: Thanks, I’ll be ready."
479,1,0.3839396444119838,42.89706487655384,"caller: Your Netflix will be suspended unless you update your payment details here. receiver: That’s weird, my subscription is current.  "
480,1,0.38373831923101387,42.82056130778527,caller: This is the police department. You have unpaid fines. Pay now to avoid arrest. receiver: That’s alarming but I will check the official website before making any payments.  
483,1,0.27959193432613255,23.16618884416527,caller: Your Amazon order cannot be delivered. Confirm your address and card or the package will be returned. receiver: I haven’t ordered anything. Can you provide the tracking number?  
484,0,0.42398988426669565,50.99957851111232,"caller: Hello, this is Alex from Happy Trails. Your bike is ready for pickup and tune-up is complete.   receiver: Awesome! I’ll come by after work.   caller: We’ll have it waiting."
491,0,0.48406846242923146,53.502852601217974,"caller: Hi, this is Marcus at Blue Lake Bank. There was a small credit on your account we wanted to clarify. receiver: Oh? What was it for? caller: A transfer from last week posted late. receiver: Ah, that makes sense, thank you."
505,0,0.4281631772986181,51.17346572077575,"caller: Hello, this is Alex from Main Street Auto. We just finished the inspection on your car. receiver: Thanks for the update. Did you find any issues? caller: Nothing major, but we do recommend replacing the rear brake pads soon. receiver: Good to know. I’ll schedule that."
529,0,0.41021269020953977,50.42552875873082,"caller: Hey, it’s Priya from the hiking group. Weather looks good for Saturday! Still in? receiver: Yes, definitely! Can’t wait. caller: I’ll text the meeting spot later."
531,0,0.5323941857154564,55.51642440481068,"caller: Hello, is Mr. Evans available to speak about the landscaping project?   receiver: Yes, let me transfer your call.  "
538,0,0.5144558913567158,54.76899547319649,"caller: Hello, this is Fred from SafeRide Taxi. Your cab is outside.   receiver: Thank you! I’ll be out in just a minute.   caller: Take your time, I’ll be waiting."
556,1,0.37889785882774013,40.98118635454125,"caller: Utility company here, meter needs to be replaced and you must pay a deposit.   receiver: Since when?   caller: It’s urgent to avoid disruption.   receiver: I’ll call the utility company."
563,1,0.37253603589440193,38.56369363987273,caller: The DMV flagged your license for suspension. Pay to avoid it. receiver: Can I check this online?  
568,1,0.39306933173862924,46.366346060679106,caller: Your educational credentials are requested for record update. Send SSN and graduation date. receiver: I never share educational info over the phone.  
592,0,0.44505226953232324,51.87717789718013,"caller: Hey, it’s Margaret. Are we still on for hiking this weekend?   receiver: Yes! I’ll bring snacks and water.   caller: Awesome, let’s meet at the trailhead at 9?"
595,1,0.3868223723818009,43.992501505084334,caller: Your mortgage payment failed; reconfirm your details to avoid late fees. receiver: This hasn’t happened before. caller: We’re helping customers solve new processing issues today.
596,0,0.5199636956148194,54.99848731728414,"caller: Hello, it’s Paul. Can you look after my plants over the weekend while I’m away? receiver: Sure thing, Paul! Just let me know which need watering."
609,0,0.44587087629670125,51.91128651236255,"caller: Hello, is this the tech support line? receiver: Yes, this is Andrew with tech support. How can I help? caller: My laptop keeps freezing whenever I open Word. receiver: Let’s try restarting it and installing the latest updates together."
626,0,0.43076441836089885,51.281850765037454,"caller: Hi, this is Cathy from housing. We need to schedule a time for your annual apartment inspection. receiver: Sure, what days are available?"
630,1,0.38724799811310123,44.154239282978466,caller: Your order can’t be delivered – address error. Click the link to update your info. receiver: I’ll check my tracking online.  
644,0,0.46884345309341996,52.868477212225834,"caller: Hello, this is Maya from the community center. We’re holding your spot for the pottery class starting Wednesday at 6pm.   receiver: Sounds great, Maya! I’m looking forward to it.  "
646,0,0.5156098597185027,54.81707748827095,"caller: Hello, this is Marc from the city’s cultural office. Your registration for the makers' fair is confirmed. receiver: That’s wonderful! Looking forward to it. caller: We’ll send setup information soon."
654,0,0.4228815101407694,50.95339625586539,"caller: Hey Jenny, this is Raj from HR. Just checking if you completed your benefits enrollment for this year? receiver: Oh, I haven’t yet! Thanks for reminding me, Raj. I’ll do it today.  "
663,0,0.44128933367407663,51.72038890308652,"caller: Hello, this is Sandra from the pet store. Your fish tank order has arrived. receiver: Awesome, I was waiting for it. I’ll be there after noon."
668,1,0.3975670868075991,48.07549298688765,caller: We’re updating car insurance details. Please confirm your license and bank. receiver: Send me the updated policy first.  
670,0,0.41768150036191193,50.73672918174633,"caller: Hey Mia, it’s Ben. Are you still okay to water my plants while I’m out of town this weekend?   receiver: Hey Ben! Yes, no problem. Just leave me your key before you go.   caller: Will do, thank you so much!"
675,0,0.41625824013786344,50.677426672410974,"caller: Hey, this is Matt from the climbing gym. We noticed your membership is expiring soon. receiver: Oh, I didn’t realize! How do I renew? caller: You can renew online or at the front desk next time you’re in. receiver: Thanks!"
678,0,0.4308339261113557,51.284746921306485,"caller: Hello, this is Ethan from Simply Moving. We were wondering if you’re still planning to move this Saturday. receiver: Hi Ethan, yes, I am. Do you have an estimated arrival window for your movers? caller: They’ll be there between 8 and 9 AM.  "
688,0,0.40119268462677365,50.04969519278224,"caller: Hello, it’s Pete from the mailroom. Your certified letter just arrived. receiver: Thanks, Pete. Can you bring it up to my office? caller: Will do, I’ll be there in five minutes."
694,0,0.47231314704489685,53.01304779353737,"caller: Hello, this is Ryan from the bicycle repair shop. Your bike is ready for pickup. receiver: Oh, that’s great to hear. What was the issue with it? caller: Just needed a new chain and gear adjustment. Everything’s working smoothly now. receiver: Thanks, I’ll come by tomorrow!"
729,1,0.3645131320246046,35.51499016934976,"caller: You have won a mystery shopping job with upfront payment!   receiver: How do I get the payment?   caller: Give your banking info, we’ll transfer it.   receiver: No thank you."
731,0,0.487665239267473,53.65271830281137,"caller: Is this Dr. Kim’s office?   receiver: Yes, it is.   caller: I need to cancel my appointment for Thursday and reschedule.  "
744,1,0.3638970973912817,35.28089700868704,caller: Get paid for working from home! Share your info to get started now. receiver: Do you have a website or references I can check?  
754,0,0.4083898797661513,50.34957832358964,"caller: Good morning, Nina. This is Carol from the garden club. The meeting has been moved to Thursday. receiver: Thanks, Carol. I’ll change it on my calendar. caller: Looking forward to seeing you."
755,1,0.3555355755130738,32.10351869496805,"caller: Hi, we have a limited offer on home security.   receiver: How did you get my number?   caller: It’s public record. Enroll now by paying setup fee.   receiver: No, I’m fine."
756,0,0.4069620467572383,50.2900852815516,"caller: Hello, this is the swim school. We're just reminding you that tomorrow is the last class of the session.   receiver: Thanks so much for the reminder! Does class still start at 10am?   caller: Yes, 10am as usual. If you'd like to re-enroll, let us know.  "
765,0,0.4496186917144917,52.06744548810382,"caller: Hey Juan, it’s Ben. Did you manage to finish the design mockups? receiver: Yes, I sent them to your email about an hour ago. caller: Awesome, I’ll take a look and send feedback."
779,0,0.4553974410300836,52.30822670958682,"caller: Hello, this is Tracy from the physical therapy clinic. Just checking if you can confirm your visit for Friday at 8am. receiver: Yes, I’ll be there. Thank you."
783,0,0.4339295694659873,51.413732061082804,"caller: Hello, Mrs. Lee, I’m Susan from Harmony Elementary.   receiver: Hello, Susan.   caller: We wanted to confirm your attendance at parent-teacher conferences this Thursday.   receiver: Yes, I’ll be there at 2 p.m."
792,0,0.4026553110988563,50.110637962452344,"caller: Hey, it’s Trevor. Are you still up for hiking tomorrow? receiver: I am! What time are we meeting? caller: 8 a.m. at the north parking lot. receiver: See you then."
